model,#topics,mean,median,std,min,max,p90,p99
BERTopic,1089,67.94949494949495,27.0,148.05092222575118,10.0,2388.0,132.60000000000014,613.2399999999998
Qwen,1259,57.576648133439235,25.0,114.57893937948805,10.0,1523.0,109.0,663.9600000000028
